<?xml version="1.0" encoding="UTF-8"?>
<recipe>
  <name>Пицца с пепперони</name>
  <ingredients>
    <ingredient>Мука - 250 г</ingredient>
    <ingredient>Вода - 80 мл</ingredient>
    <ingredient>Дрожжи - 5 г</ingredient>
    <ingredient>Сахар - 1 ч.л.</ingredient>
    <ingredient>Соль - 1 ч.л.</ingredient>
    <ingredient>Томатный соус/кетчуп - 2 ст.л</ingredient>
    <ingredient>Пепперони - 100 г</ingredient>
    <ingredient>Сыр - чем больше тем лучше</ingredient>
    <ingredient>Подсолнечное/Оливковое масло - 2 ст.л.</ingredient>
    <ingredient>Специи - по вкусу</ingredient>
  </ingredients>
  <instructions>
    <step>В миску налейте тёплую кипячёную воду, всыпьте сахар и сухие дрожжи. Перемешайте.</step>
    <step>Затем влейте подсолнечное, а лучше оливковое масло. Всыпьте соль, снова перемешайте..</step>
    <step>Частями подсыпая муку, замесите тесто. Соберите тесто в шар, накройте миску чистым кухонным полотенцем и поставьте в тёплое место на 40 минут.</step>
    <step>Подошедшее дрожжевое тесто для пиццы обомните.</step>
    <step>На присыпанном мукой листе пергамента для выпечки раскатайте тесто в тонкий круг диаметром примерно 25 см.</step>
    <step>Смажьте основу для пиццы томатной пастой или кетчупом, или любым другим соусом для пиццы.</step>
    <step>Выложить пепперони.</step>
    <step>Сыр натрите на крупной тёрке, посыпьте им начинку пиццы.</step>
    <step>Добавьте специи по вкусу</step>
    <step>Выпекать в духовке при 200°C 15-20 минут.</step>
  </instructions>
</recipe>