<?xml version="1.0" encoding="UTF-8"?>
<catalog>
    <!--значение атрибутов всегда в кавычках-->
    <movie id="1">
        <title>Игры разума</title>
        <country>США</country>
        <!--имя не должно начинаться с пробела-->
        <year>2001</year>
        <genre>драма, биография, мелодрама</genre>
        <producer>Рон Ховард</producer>
        <!--имена чувствительны к регистру -->
        <actors>Рассел Кроу, Эд Харрис, Дженнифер Коннелли</actors>
        <comments/>
    <!--нет закрывающегося тега. все теги должны быть закрыты-->
    </movie>
    <!--значение атрибутов всегда в кавычках-->
    <movie id="2">
        <title>Отпуск по обмену</title>
        <country>США</country>
        <year>2006</year>
        <genre>мелодрама, комедия</genre>
        <producer>Нэнси Майерс</producer>
        <!--имена чувствительны к регистру -->
        <actors>Кэмерон Диас, Кейт Уинслет, Джуд Лоу, Джек Блэк</actors>
        <!--у самозакрывающихся тегов знак слэша ставится вконце-->
        <comments/>
    </movie>
</catalog>